{
  "info": {
    "name": "Library API",
    "_postman_id": "11111111-2222-3333-4444-555555555555",
    "description": "Colecci\u00f3n de pruebas para la API de Libros.",
    "schema": "https://schema.getpostman.com/json/collection/v2.1.0/collection.json"
  },
  "item": [
    {
      "name": "Get all books",
      "request": {
        "method": "GET",
        "header": [],
        "url": {
          "raw": "https://localhost:5001/api/Books",
          "protocol": "https",
          "host": [
            "localhost"
          ],
          "port": "5001",
          "path": [
            "api",
            "Books"
          ]
        }
      }
    },
    {
      "name": "Get book by id",
      "request": {
        "method": "GET",
        "header": [],
        "url": {
          "raw": "https://localhost:5001/api/Books/1",
          "protocol": "https",
          "host": [
            "localhost"
          ],
          "port": "5001",
          "path": [
            "api",
            "Books",
            "1"
          ]
        }
      }
    },
    {
      "name": "Create book",
      "request": {
        "method": "POST",
        "header": [
          {
            "key": "Content-Type",
            "value": "application/json"
          }
        ],
        "body": {
          "mode": "raw",
          "raw": "{\n  \"title\": \"Clean Code\",\n  \"author\": \"Robert C. Martin\",\n  \"publicationYear\": 2008,\n  \"publisher\": \"Prentice Hall\",\n  \"pages\": 464,\n  \"category\": \"Programming\",\n  \"isbn\": \"9780132350884\"\n}"
        },
        "url": {
          "raw": "https://localhost:5001/api/Books",
          "protocol": "https",
          "host": [
            "localhost"
          ],
          "port": "5001",
          "path": [
            "api",
            "Books"
          ]
        }
      }
    },
    {
      "name": "Update book",
      "request": {
        "method": "PUT",
        "header": [
          {
            "key": "Content-Type",
            "value": "application/json"
          }
        ],
        "body": {
          "mode": "raw",
          "raw": "{\n  \"title\": \"Clean Code (Updated)\",\n  \"author\": \"Robert C. Martin\",\n  \"publicationYear\": 2009,\n  \"publisher\": \"Prentice Hall\",\n  \"pages\": 470,\n  \"category\": \"Programming\",\n  \"isbn\": \"9780132350884\"\n}"
        },
        "url": {
          "raw": "https://localhost:5001/api/Books/1",
          "protocol": "https",
          "host": [
            "localhost"
          ],
          "port": "5001",
          "path": [
            "api",
            "Books",
            "1"
          ]
        }
      }
    },
    {
      "name": "Delete book",
      "request": {
        "method": "DELETE",
        "header": [],
        "url": {
          "raw": "https://localhost:5001/api/Books/1",
          "protocol": "https",
          "host": [
            "localhost"
          ],
          "port": "5001",
          "path": [
            "api",
            "Books",
            "1"
          ]
        }
      }
    }
  ]
}